标题,观看时间,类型,链接,封面,作者,作者主页
美食探店：城市隐藏美食,2026-09-07 05:00:15,视频,https://www.bilibili.com/video/BV236213980,,林粒粒呀,
手机摄影技巧分享,2026-08-23 13:41:15,视频,https://www.bilibili.com/video/BV562172557,,林粒粒呀,
考研政治复习规划,2026-09-11 16:34:15,视频,https://www.bilibili.com/video/BV182994602,,动漫混剪师,
宠物日常搞笑视频,2026-07-20 17:08:15,视频,https://www.bilibili.com/video/BV797456131,,科技小王,
原神新版本角色分析,2026-08-28 05:04:15,视频,https://www.bilibili.com/video/BV892143651,,科技小王,
四六级听力技巧,2026-09-07 05:22:15,视频,https://www.bilibili.com/video/BV871986142,,丸子,
动漫混剪：热血时刻,2026-07-20 12:52:15,视频,https://www.bilibili.com/video/BV445831546,,了不起天分的Nova,
手工DIY教程,2026-07-13 09:45:15,视频,https://www.bilibili.com/video/BV637144300,,海棠家的大肥鱼,
英雄联盟精彩操作集锦,2026-08-25 19:20:15,视频,https://www.bilibili.com/video/BV778062237,,学习达人,
英语学习方法分享,2026-08-20 14:21:15,视频,https://www.bilibili.com/video/BV311822303,,林粒粒呀,
鸣潮新版本攻略大全,2026-07-20 05:49:15,视频,https://www.bilibili.com/video/BV610795248,,战双帕弥什,
B站知识区精选,2026-07-14 09:31:15,视频,https://www.bilibili.com/video/BV177726369,,科技小王,
编程入门零基础教程,2026-07-24 09:17:15,直播,https://www.bilibili.com/video/BV962108738,,了不起天分的Nova,
B站知识区精选,2026-08-04 08:20:15,直播,https://www.bilibili.com/video/BV653651960,,兔兔不会秃秃,
B站知识区精选,2026-08-18 14:43:15,视频,https://www.bilibili.com/video/BV193337800,,丸子,
脱口秀合集,2026-08-25 14:08:15,视频,https://www.bilibili.com/video/BV466731517,,游戏推荐君,
宠物日常搞笑视频,2026-09-08 13:09:15,视频,https://www.bilibili.com/video/BV614911450,,孤独音符,
吉他弹唱教学,2026-07-13 15:24:15,视频,https://www.bilibili.com/video/BV820546353,,兔兔不会秃秃,
原神新版本角色分析,2026-08-31 22:27:15,视频,https://www.bilibili.com/video/BV125398383,,露露自信一点,
英雄联盟精彩操作集锦,2026-08-19 03:47:15,视频,https://www.bilibili.com/video/BV948328557,,了不起天分的Nova,
清宵音乐合集,2026-07-13 05:47:15,视频,https://www.bilibili.com/video/BV449574980,,学习达人,
烘焙新手入门,2026-09-07 17:02:15,视频,https://www.bilibili.com/video/BV723140089,,丸子,
四六级听力技巧,2026-08-17 06:11:15,视频,https://www.bilibili.com/video/BV812194397,,学习达人,
B站知识区精选,2026-08-18 04:40:15,直播,https://www.bilibili.com/video/BV311748118,,游戏推荐君,
Python数据分析实战,2026-07-30 09:39:15,视频,https://www.bilibili.com/video/BV395011955,,海棠家的大肥鱼,
游戏推荐：这5款神作必玩,2026-07-23 02:03:15,直播,https://www.bilibili.com/video/BV736708932,,了不起天分的Nova,
编程入门零基础教程,2026-08-04 03:44:15,视频,https://www.bilibili.com/video/BV957073432,,孤独音符,
编程入门零基础教程,2026-09-03 17:22:15,视频,https://www.bilibili.com/video/BV155585371,,了不起天分的Nova,
手工DIY教程,2026-07-17 23:03:15,视频,https://www.bilibili.com/video/BV132188381,,美食家小李,
职场干货：面试技巧,2026-09-07 06:48:15,视频,https://www.bilibili.com/video/BV121551208,,孤独音符,
吉他弹唱教学,2026-08-03 05:53:15,视频,https://www.bilibili.com/video/BV821507494,,林粒粒呀,
战双帕弥什最新角色评测,2026-08-10 16:04:15,视频,https://www.bilibili.com/video/BV363472887,,战双帕弥什,
数模国赛C题思路讲解,2026-07-22 04:22:15,直播,https://www.bilibili.com/video/BV474714395,,孤独音符,
原神新版本角色分析,2026-09-10 21:16:15,视频,https://www.bilibili.com/video/BV872565404,,学习达人,
英雄联盟精彩操作集锦,2026-07-28 22:12:15,视频,https://www.bilibili.com/video/BV928949653,,游戏推荐君,
科技前沿资讯,2026-08-30 07:20:15,视频,https://www.bilibili.com/video/BV713387484,,海棠家的大肥鱼,
游戏推荐：这5款神作必玩,2026-08-06 12:46:15,视频,https://www.bilibili.com/video/BV779323284,,学习达人,
旅行vlog：云南之旅,2026-09-05 15:19:15,视频,https://www.bilibili.com/video/BV702199279,,凌痕QAQ,
AI绘画入门教程,2026-08-04 07:56:15,视频,https://www.bilibili.com/video/BV974544743,,孤独音符,
考研政治复习规划,2026-08-12 14:31:15,视频,https://www.bilibili.com/video/BV913662514,,了不起天分的Nova,
烘焙新手入门,2026-07-16 10:20:15,直播,https://www.bilibili.com/video/BV790402474,,孤独音符,
电影解说：高分悬疑片,2026-08-09 21:57:15,视频,https://www.bilibili.com/video/BV396560647,,游戏推荐君,
数模国赛C题思路讲解,2026-07-28 09:20:15,视频,https://www.bilibili.com/video/BV809121332,,了不起天分的Nova,
B站知识区精选,2026-08-20 15:07:15,视频,https://www.bilibili.com/video/BV378848188,,动漫混剪师,
战双帕弥什最新角色评测,2026-07-24 22:48:15,视频,https://www.bilibili.com/video/BV625922500,,了不起天分的Nova,
科技前沿资讯,2026-09-08 12:38:15,视频,https://www.bilibili.com/video/BV488429267,,兔兔不会秃秃,
PS修图入门教程,2026-08-14 00:00:15,视频,https://www.bilibili.com/video/BV315622975,,凌痕QAQ,
PS修图入门教程,2026-09-01 13:27:15,视频,https://www.bilibili.com/video/BV119888790,,美食家小李,
战双帕弥什最新角色评测,2026-08-16 08:51:15,直播,https://www.bilibili.com/video/BV328232060,,科技小王,
鸣潮新版本攻略大全,2026-07-19 08:28:15,视频,https://www.bilibili.com/video/BV834463788,,海棠家的大肥鱼,
原神新版本角色分析,2026-08-28 08:05:15,视频,https://www.bilibili.com/video/BV228532185,,学习达人,
PS修图入门教程,2026-08-13 08:37:15,视频,https://www.bilibili.com/video/BV152772330,,海棠家的大肥鱼,
动漫混剪：热血时刻,2026-07-26 05:25:15,视频,https://www.bilibili.com/video/BV354041568,,了不起天分的Nova,
AI绘画入门教程,2026-07-18 08:07:15,视频,https://www.bilibili.com/video/BV628595469,,动漫混剪师,
穿搭分享：秋季通勤,2026-07-16 03:51:15,视频,https://www.bilibili.com/video/BV891514248,,兔兔不会秃秃,
鸣潮新版本攻略大全,2026-08-16 03:37:15,视频,https://www.bilibili.com/video/BV557247502,,动漫混剪师,
旅行vlog：云南之旅,2026-09-03 09:29:15,视频,https://www.bilibili.com/video/BV523694741,,美食家小李,
数码产品开箱测评,2026-08-17 21:17:15,视频,https://www.bilibili.com/video/BV113249956,,科技小王,
美食探店：城市隐藏美食,2026-08-11 15:23:15,视频,https://www.bilibili.com/video/BV841354587,,学习达人,
动漫混剪：热血时刻,2026-07-27 02:52:15,视频,https://www.bilibili.com/video/BV820890068,,游戏推荐君,
四六级听力技巧,2026-08-10 14:44:15,视频,https://www.bilibili.com/video/BV694536797,,学习达人,
健身减脂全攻略,2026-07-21 13:25:15,直播,https://www.bilibili.com/video/BV207749701,,动漫混剪师,
英语学习方法分享,2026-08-12 23:07:15,视频,https://www.bilibili.com/video/BV311350615,,美食家小李,
脱口秀合集,2026-08-04 19:04:15,视频,https://www.bilibili.com/video/BV501971274,,游戏推荐君,
AI绘画入门教程,2026-07-24 15:31:15,视频,https://www.bilibili.com/video/BV898980915,,美食家小李,
战双帕弥什最新角色评测,2026-09-06 02:08:15,视频,https://www.bilibili.com/video/BV266984851,,学习达人,
电影解说：高分悬疑片,2026-07-16 17:44:15,视频,https://www.bilibili.com/video/BV771876640,,了不起天分的Nova,
旅行vlog：云南之旅,2026-07-21 08:44:15,视频,https://www.bilibili.com/video/BV974107692,,了不起天分的Nova,
宠物日常搞笑视频,2026-08-03 11:07:15,视频,https://www.bilibili.com/video/BV573635099,,孤独音符,
宠物日常搞笑视频,2026-08-23 02:34:15,直播,https://www.bilibili.com/video/BV441277022,,凌痕QAQ,
手工DIY教程,2026-08-08 00:12:15,视频,https://www.bilibili.com/video/BV348801634,,孤独音符,
手机摄影技巧分享,2026-09-02 15:13:15,视频,https://www.bilibili.com/video/BV172974067,,林粒粒呀,
手机摄影技巧分享,2026-09-10 20:19:15,直播,https://www.bilibili.com/video/BV314048599,,战双帕弥什,
烘焙新手入门,2026-08-15 08:05:15,视频,https://www.bilibili.com/video/BV932243890,,游戏推荐君,
B站知识区精选,2026-08-23 08:07:15,视频,https://www.bilibili.com/video/BV432620735,,林粒粒呀,
电影解说：高分悬疑片,2026-09-08 01:07:15,视频,https://www.bilibili.com/video/BV754573352,,海棠家的大肥鱼,
B站知识区精选,2026-07-13 00:56:15,视频,https://www.bilibili.com/video/BV658904487,,凌痕QAQ,
手工DIY教程,2026-07-16 02:03:15,直播,https://www.bilibili.com/video/BV152641662,,游戏推荐君,
游戏推荐：这5款神作必玩,2026-09-07 00:25:15,视频,https://www.bilibili.com/video/BV274320074,,林粒粒呀,
编程入门零基础教程,2026-08-03 04:28:15,视频,https://www.bilibili.com/video/BV674645568,,海棠家的大肥鱼,
AI绘画入门教程,2026-08-03 11:53:15,视频,https://www.bilibili.com/video/BV962864178,,凌痕QAQ,
手工DIY教程,2026-09-07 16:57:15,视频,https://www.bilibili.com/video/BV467920401,,了不起天分的Nova,
手工DIY教程,2026-08-14 21:29:15,视频,https://www.bilibili.com/video/BV379190603,,林粒粒呀,
鸣潮新版本攻略大全,2026-08-15 02:39:15,直播,https://www.bilibili.com/video/BV534544077,,孤独音符,
清宵音乐合集,2026-08-15 14:33:15,视频,https://www.bilibili.com/video/BV490827924,,海棠家的大肥鱼,
科技前沿资讯,2026-08-17 18:17:15,视频,https://www.bilibili.com/video/BV882126133,,动漫混剪师,
战双帕弥什最新角色评测,2026-08-03 07:58:15,视频,https://www.bilibili.com/video/BV423447521,,美食家小李,
美食探店：城市隐藏美食,2026-09-05 23:09:15,视频,https://www.bilibili.com/video/BV790963023,,美食家小李,
B站知识区精选,2026-08-22 18:51:15,视频,https://www.bilibili.com/video/BV741685456,,科技小王,
战双帕弥什最新角色评测,2026-09-05 04:14:15,视频,https://www.bilibili.com/video/BV156140889,,了不起天分的Nova,
烘焙新手入门,2026-08-01 01:26:15,视频,https://www.bilibili.com/video/BV769637441,,丸子,
电影解说：高分悬疑片,2026-07-23 15:09:15,视频,https://www.bilibili.com/video/BV961481545,,科技小王,
PS修图入门教程,2026-08-17 05:30:15,视频,https://www.bilibili.com/video/BV127652161,,战双帕弥什,
鸣潮新版本攻略大全,2026-08-20 20:07:15,视频,https://www.bilibili.com/video/BV833349741,,了不起天分的Nova,
编程入门零基础教程,2026-09-01 11:24:15,视频,https://www.bilibili.com/video/BV367229942,,了不起天分的Nova,
鸣潮新版本攻略大全,2026-07-25 23:54:15,视频,https://www.bilibili.com/video/BV373534319,,科技小王,
脱口秀合集,2026-07-28 02:15:15,视频,https://www.bilibili.com/video/BV666890992,,林粒粒呀,
数模国赛C题思路讲解,2026-09-01 01:08:15,视频,https://www.bilibili.com/video/BV154278906,,战双帕弥什,
电影解说：高分悬疑片,2026-08-06 20:01:15,视频,https://www.bilibili.com/video/BV765918195,,战双帕弥什,
脱口秀合集,2026-09-09 08:19:15,视频,https://www.bilibili.com/video/BV180420879,,战双帕弥什,
数码产品开箱测评,2026-08-26 00:15:15,视频,https://www.bilibili.com/video/BV545442967,,丸子,
游戏推荐：这5款神作必玩,2026-07-23 07:09:15,视频,https://www.bilibili.com/video/BV494124100,,美食家小李,
手工DIY教程,2026-09-04 12:09:15,视频,https://www.bilibili.com/video/BV291625979,,游戏推荐君,
鸣潮新版本攻略大全,2026-07-14 00:15:15,视频,https://www.bilibili.com/video/BV911474614,,露露自信一点,
编程入门零基础教程,2026-08-24 00:07:15,视频,https://www.bilibili.com/video/BV242518471,,丸子,
游戏推荐：这5款神作必玩,2026-07-16 03:13:15,视频,https://www.bilibili.com/video/BV250525964,,美食家小李,
AI绘画入门教程,2026-07-16 19:11:15,视频,https://www.bilibili.com/video/BV361243142,,林粒粒呀,
Python数据分析实战,2026-07-17 20:06:15,视频,https://www.bilibili.com/video/BV461219850,,凌痕QAQ,
鸣潮新版本攻略大全,2026-08-19 06:09:15,视频,https://www.bilibili.com/video/BV974306358,,海棠家的大肥鱼,
科技前沿资讯,2026-09-06 00:57:15,视频,https://www.bilibili.com/video/BV172969797,,美食家小李,
科技前沿资讯,2026-09-09 02:04:15,视频,https://www.bilibili.com/video/BV933609543,,科技小王,
科技前沿资讯,2026-07-14 14:11:15,视频,https://www.bilibili.com/video/BV127135940,,战双帕弥什,
吉他弹唱教学,2026-07-14 09:08:15,视频,https://www.bilibili.com/video/BV899063469,,丸子,
穿搭分享：秋季通勤,2026-09-11 17:27:15,视频,https://www.bilibili.com/video/BV697264204,,了不起天分的Nova,
烘焙新手入门,2026-08-14 00:40:15,视频,https://www.bilibili.com/video/BV524588528,,丸子,
职场干货：面试技巧,2026-08-31 10:19:15,直播,https://www.bilibili.com/video/BV353938996,,美食家小李,
美食探店：城市隐藏美食,2026-07-24 03:37:15,视频,https://www.bilibili.com/video/BV442133627,,海棠家的大肥鱼,
Python数据分析实战,2026-08-18 03:51:15,视频,https://www.bilibili.com/video/BV438178666,,孤独音符,
宠物日常搞笑视频,2026-07-19 08:59:15,视频,https://www.bilibili.com/video/BV805818717,,林粒粒呀,
PS修图入门教程,2026-08-30 03:23:15,视频,https://www.bilibili.com/video/BV567595120,,学习达人,
编程入门零基础教程,2026-07-21 04:17:15,视频,https://www.bilibili.com/video/BV914499194,,科技小王,
清宵音乐合集,2026-08-10 18:06:15,视频,https://www.bilibili.com/video/BV257454849,,了不起天分的Nova,
宠物日常搞笑视频,2026-07-18 17:46:15,视频,https://www.bilibili.com/video/BV613612761,,动漫混剪师,
鸣潮新版本攻略大全,2026-07-22 04:08:15,视频,https://www.bilibili.com/video/BV865279706,,兔兔不会秃秃,
职场干货：面试技巧,2026-07-19 21:10:15,视频,https://www.bilibili.com/video/BV703405449,,林粒粒呀,
战双帕弥什最新角色评测,2026-09-06 10:56:15,视频,https://www.bilibili.com/video/BV724068617,,了不起天分的Nova,
数码产品开箱测评,2026-09-01 01:27:15,视频,https://www.bilibili.com/video/BV693255410,,凌痕QAQ,
PS修图入门教程,2026-08-03 18:54:15,视频,https://www.bilibili.com/video/BV905492401,,战双帕弥什,
四六级听力技巧,2026-08-16 15:07:15,视频,https://www.bilibili.com/video/BV198086038,,海棠家的大肥鱼,
游戏推荐：这5款神作必玩,2026-07-28 01:54:15,视频,https://www.bilibili.com/video/BV146447869,,兔兔不会秃秃,
清宵音乐合集,2026-08-25 22:50:15,视频,https://www.bilibili.com/video/BV877651129,,露露自信一点,
英语学习方法分享,2026-08-28 12:23:15,视频,https://www.bilibili.com/video/BV397562145,,动漫混剪师,
穿搭分享：秋季通勤,2026-08-19 10:12:15,视频,https://www.bilibili.com/video/BV347686073,,凌痕QAQ,
科技前沿资讯,2026-08-08 17:50:15,视频,https://www.bilibili.com/video/BV808762427,,科技小王,
原神新版本角色分析,2026-08-09 21:04:15,视频,https://www.bilibili.com/video/BV708012397,,露露自信一点,
考研政治复习规划,2026-08-22 08:24:15,视频,https://www.bilibili.com/video/BV697469466,,战双帕弥什,
职场干货：面试技巧,2026-08-05 08:19:15,视频,https://www.bilibili.com/video/BV503649558,,动漫混剪师,
B站知识区精选,2026-07-19 07:24:15,视频,https://www.bilibili.com/video/BV200850313,,丸子,
AI绘画入门教程,2026-08-19 21:14:15,视频,https://www.bilibili.com/video/BV924361015,,丸子,
电影解说：高分悬疑片,2026-09-06 21:46:15,视频,https://www.bilibili.com/video/BV529321246,,科技小王,
四六级听力技巧,2026-08-14 20:05:15,视频,https://www.bilibili.com/video/BV737319775,,科技小王,
B站知识区精选,2026-09-06 15:14:15,视频,https://www.bilibili.com/video/BV348576537,,凌痕QAQ,
B站知识区精选,2026-09-09 02:29:15,视频,https://www.bilibili.com/video/BV551892936,,战双帕弥什,
动漫混剪：热血时刻,2026-08-07 18:08:15,视频,https://www.bilibili.com/video/BV871163623,,美食家小李,
B站知识区精选,2026-08-26 11:34:15,视频,https://www.bilibili.com/video/BV830143416,,露露自信一点,
手工DIY教程,2026-08-14 12:05:15,视频,https://www.bilibili.com/video/BV983967267,,露露自信一点,
英雄联盟精彩操作集锦,2026-07-19 21:39:15,视频,https://www.bilibili.com/video/BV983520704,,科技小王,
美食探店：城市隐藏美食,2026-08-01 02:30:15,直播,https://www.bilibili.com/video/BV407816928,,林粒粒呀,
旅行vlog：云南之旅,2026-09-02 22:50:15,视频,https://www.bilibili.com/video/BV717895822,,游戏推荐君,
数码产品开箱测评,2026-07-22 08:53:15,视频,https://www.bilibili.com/video/BV831685173,,海棠家的大肥鱼,
Python数据分析实战,2026-08-12 12:43:15,视频,https://www.bilibili.com/video/BV832729503,,了不起天分的Nova,
手机摄影技巧分享,2026-08-21 00:18:15,视频,https://www.bilibili.com/video/BV883941327,,战双帕弥什,
Python数据分析实战,2026-07-30 23:10:15,视频,https://www.bilibili.com/video/BV991111182,,了不起天分的Nova,
电影解说：高分悬疑片,2026-08-16 23:50:15,视频,https://www.bilibili.com/video/BV511721061,,孤独音符,
吉他弹唱教学,2026-08-25 20:17:15,直播,https://www.bilibili.com/video/BV200497598,,了不起天分的Nova,
Python数据分析实战,2026-07-17 12:29:15,视频,https://www.bilibili.com/video/BV506526040,,凌痕QAQ,
四六级听力技巧,2026-08-02 13:01:15,视频,https://www.bilibili.com/video/BV825769234,,动漫混剪师,
英语学习方法分享,2026-08-18 21:35:15,视频,https://www.bilibili.com/video/BV605841906,,兔兔不会秃秃,
清宵音乐合集,2026-08-07 12:57:15,视频,https://www.bilibili.com/video/BV950017884,,科技小王,
数模国赛C题思路讲解,2026-07-29 16:22:15,视频,https://www.bilibili.com/video/BV159727829,,战双帕弥什,
脱口秀合集,2026-08-12 15:35:15,视频,https://www.bilibili.com/video/BV938665376,,游戏推荐君,
英语学习方法分享,2026-08-21 19:45:15,视频,https://www.bilibili.com/video/BV943559725,,动漫混剪师,
美食探店：城市隐藏美食,2026-07-20 07:30:15,视频,https://www.bilibili.com/video/BV116095268,,动漫混剪师,
战双帕弥什最新角色评测,2026-08-08 22:12:15,视频,https://www.bilibili.com/video/BV357896042,,凌痕QAQ,
原神新版本角色分析,2026-08-12 07:21:15,直播,https://www.bilibili.com/video/BV139043754,,林粒粒呀,
四六级听力技巧,2026-08-09 23:00:15,视频,https://www.bilibili.com/video/BV817423475,,了不起天分的Nova,
美食探店：城市隐藏美食,2026-09-06 08:17:15,视频,https://www.bilibili.com/video/BV116165161,,丸子,
宠物日常搞笑视频,2026-09-09 20:01:15,视频,https://www.bilibili.com/video/BV311109342,,科技小王,
动漫混剪：热血时刻,2026-09-10 08:51:15,视频,https://www.bilibili.com/video/BV509515159,,露露自信一点,
职场干货：面试技巧,2026-08-03 01:49:15,视频,https://www.bilibili.com/video/BV252799277,,游戏推荐君,
游戏推荐：这5款神作必玩,2026-07-27 12:21:15,视频,https://www.bilibili.com/video/BV499863699,,美食家小李,
健身减脂全攻略,2026-08-21 04:37:15,视频,https://www.bilibili.com/video/BV418711286,,凌痕QAQ,
旅行vlog：云南之旅,2026-09-10 00:55:15,视频,https://www.bilibili.com/video/BV119419456,,林粒粒呀,
鸣潮新版本攻略大全,2026-08-31 06:06:15,视频,https://www.bilibili.com/video/BV364641975,,美食家小李,
手工DIY教程,2026-08-24 08:06:15,视频,https://www.bilibili.com/video/BV117938681,,美食家小李,
职场干货：面试技巧,2026-07-24 00:31:15,视频,https://www.bilibili.com/video/BV632772554,,科技小王,
战双帕弥什最新角色评测,2026-08-25 16:25:15,视频,https://www.bilibili.com/video/BV165911229,,凌痕QAQ,
职场干货：面试技巧,2026-08-01 03:27:15,视频,https://www.bilibili.com/video/BV738558330,,了不起天分的Nova,
鸣潮新版本攻略大全,2026-07-24 02:52:15,视频,https://www.bilibili.com/video/BV157371375,,海棠家的大肥鱼,
宠物日常搞笑视频,2026-08-15 19:14:15,视频,https://www.bilibili.com/video/BV278543306,,科技小王,
吉他弹唱教学,2026-07-13 20:42:15,视频,https://www.bilibili.com/video/BV316937105,,科技小王,
烘焙新手入门,2026-08-09 13:17:15,视频,https://www.bilibili.com/video/BV251832666,,学习达人,
AI绘画入门教程,2026-07-21 07:37:15,视频,https://www.bilibili.com/video/BV311648532,,林粒粒呀,
手工DIY教程,2026-08-28 23:10:15,视频,https://www.bilibili.com/video/BV434592279,,丸子,
B站知识区精选,2026-08-26 03:45:15,视频,https://www.bilibili.com/video/BV781328445,,科技小王,
清宵音乐合集,2026-08-22 20:54:15,视频,https://www.bilibili.com/video/BV528648207,,林粒粒呀,
四六级听力技巧,2026-08-14 00:40:15,视频,https://www.bilibili.com/video/BV418557683,,林粒粒呀,
考研政治复习规划,2026-07-14 22:34:15,视频,https://www.bilibili.com/video/BV969447467,,了不起天分的Nova,
宠物日常搞笑视频,2026-08-28 04:56:15,视频,https://www.bilibili.com/video/BV494999559,,露露自信一点,
宠物日常搞笑视频,2026-08-02 19:29:15,直播,https://www.bilibili.com/video/BV850047483,,兔兔不会秃秃,
宠物日常搞笑视频,2026-07-26 09:21:15,视频,https://www.bilibili.com/video/BV640083404,,孤独音符,
职场干货：面试技巧,2026-08-07 14:23:15,视频,https://www.bilibili.com/video/BV930117841,,孤独音符,
AI绘画入门教程,2026-09-08 23:11:15,视频,https://www.bilibili.com/video/BV271154069,,林粒粒呀,
脱口秀合集,2026-08-12 06:43:15,视频,https://www.bilibili.com/video/BV990596384,,兔兔不会秃秃,
游戏推荐：这5款神作必玩,2026-07-17 05:08:15,视频,https://www.bilibili.com/video/BV352068142,,学习达人,
战双帕弥什最新角色评测,2026-07-15 21:01:15,视频,https://www.bilibili.com/video/BV810497770,,林粒粒呀,
英雄联盟精彩操作集锦,2026-08-13 07:54:15,视频,https://www.bilibili.com/video/BV907045299,,动漫混剪师,
数模国赛C题思路讲解,2026-08-22 17:58:15,视频,https://www.bilibili.com/video/BV978277506,,露露自信一点,
烘焙新手入门,2026-08-17 09:56:15,视频,https://www.bilibili.com/video/BV300625895,,孤独音符,
清宵音乐合集,2026-09-06 14:42:15,视频,https://www.bilibili.com/video/BV480788938,,丸子,
